File_Path,Category,Target
MoroccanMusic\andalusian\andalusian.00000.wav,andalusian,0
MoroccanMusic\andalusian\andalusian.00001.wav,andalusian,0
MoroccanMusic\andalusian\andalusian.00002.wav,andalusian,0
MoroccanMusic\andalusian\andalusian.00003.wav,andalusian,0
MoroccanMusic\andalusian\andalusian.00004.wav,andalusian,0
MoroccanMusic\andalusian\andalusian.00005.wav,andalusian,0
MoroccanMusic\andalusian\andalusian.00006.wav,andalusian,0
MoroccanMusic\andalusian\andalusian.00007.wav,andalusian,0
MoroccanMusic\andalusian\andalusian.00008.wav,andalusian,0
MoroccanMusic\andalusian\andalusian.00009.wav,andalusian,0
MoroccanMusic\andalusian\andalusian.00010.wav,andalusian,0
MoroccanMusic\andalusian\andalusian.00011.wav,andalusian,0
MoroccanMusic\andalusian\andalusian.00012.wav,andalusian,0
MoroccanMusic\andalusian\andalusian.00013.wav,andalusian,0
MoroccanMusic\andalusian\andalusian.00014.wav,andalusian,0
MoroccanMusic\andalusian\andalusian.00015.wav,andalusian,0
MoroccanMusic\andalusian\andalusian.00016.wav,andalusian,0
MoroccanMusic\andalusian\andalusian.00017.wav,andalusian,0
MoroccanMusic\andalusian\andalusian.00018.wav,andalusian,0
MoroccanMusic\andalusian\andalusian.00019.wav,andalusian,0
MoroccanMusic\andalusian\andalusian.00020.wav,andalusian,0
MoroccanMusic\andalusian\andalusian.00021.wav,andalusian,0
MoroccanMusic\andalusian\andalusian.00022.wav,andalusian,0
MoroccanMusic\andalusian\andalusian.00023.wav,andalusian,0
MoroccanMusic\andalusian\andalusian.00024.wav,andalusian,0
MoroccanMusic\andalusian\andalusian.00025.wav,andalusian,0
MoroccanMusic\andalusian\andalusian.00026.wav,andalusian,0
MoroccanMusic\andalusian\andalusian.00027.wav,andalusian,0
MoroccanMusic\andalusian\andalusian.00028.wav,andalusian,0
MoroccanMusic\andalusian\andalusian.00029.wav,andalusian,0
MoroccanMusic\andalusian\andalusian.00030.wav,andalusian,0
MoroccanMusic\andalusian\andalusian.00031.wav,andalusian,0
MoroccanMusic\andalusian\andalusian.00032.wav,andalusian,0
MoroccanMusic\andalusian\andalusian.00033.wav,andalusian,0
MoroccanMusic\andalusian\andalusian.00034.wav,andalusian,0
MoroccanMusic\andalusian\andalusian.00035.wav,andalusian,0
MoroccanMusic\andalusian\andalusian.00036.wav,andalusian,0
MoroccanMusic\andalusian\andalusian.00037.wav,andalusian,0
MoroccanMusic\andalusian\andalusian.00038.wav,andalusian,0
MoroccanMusic\andalusian\andalusian.00039.wav,andalusian,0
MoroccanMusic\andalusian\andalusian.00040.wav,andalusian,0
MoroccanMusic\andalusian\andalusian.00041.wav,andalusian,0
MoroccanMusic\andalusian\andalusian.00042.wav,andalusian,0
MoroccanMusic\andalusian\andalusian.00043.wav,andalusian,0
MoroccanMusic\andalusian\andalusian.00044.wav,andalusian,0
MoroccanMusic\andalusian\andalusian.00045.wav,andalusian,0
MoroccanMusic\andalusian\andalusian.00046.wav,andalusian,0
MoroccanMusic\andalusian\andalusian.00047.wav,andalusian,0
MoroccanMusic\andalusian\andalusian.00048.wav,andalusian,0
MoroccanMusic\andalusian\andalusian.00049.wav,andalusian,0
MoroccanMusic\andalusian\andalusian.00050.wav,andalusian,0
MoroccanMusic\andalusian\andalusian.00051.wav,andalusian,0
MoroccanMusic\andalusian\andalusian.00052.wav,andalusian,0
MoroccanMusic\andalusian\andalusian.00053.wav,andalusian,0
MoroccanMusic\andalusian\andalusian.00054.wav,andalusian,0
MoroccanMusic\andalusian\andalusian.00055.wav,andalusian,0
MoroccanMusic\andalusian\andalusian.00056.wav,andalusian,0
MoroccanMusic\andalusian\andalusian.00057.wav,andalusian,0
MoroccanMusic\andalusian\andalusian.00058.wav,andalusian,0
MoroccanMusic\andalusian\andalusian.00059.wav,andalusian,0
MoroccanMusic\andalusian\andalusian.00060.wav,andalusian,0
MoroccanMusic\andalusian\andalusian.00061.wav,andalusian,0
MoroccanMusic\andalusian\andalusian.00062.wav,andalusian,0
MoroccanMusic\andalusian\andalusian.00063.wav,andalusian,0
MoroccanMusic\andalusian\andalusian.00064.wav,andalusian,0
MoroccanMusic\andalusian\andalusian.00065.wav,andalusian,0
MoroccanMusic\andalusian\andalusian.00066.wav,andalusian,0
MoroccanMusic\andalusian\andalusian.00067.wav,andalusian,0
MoroccanMusic\andalusian\andalusian.00068.wav,andalusian,0
MoroccanMusic\andalusian\andalusian.00069.wav,andalusian,0
MoroccanMusic\andalusian\andalusian.00070.wav,andalusian,0
MoroccanMusic\andalusian\andalusian.00071.wav,andalusian,0
MoroccanMusic\andalusian\andalusian.00072.wav,andalusian,0
MoroccanMusic\andalusian\andalusian.00073.wav,andalusian,0
MoroccanMusic\andalusian\andalusian.00074.wav,andalusian,0
MoroccanMusic\andalusian\andalusian.00075.wav,andalusian,0
MoroccanMusic\andalusian\andalusian.00076.wav,andalusian,0
MoroccanMusic\andalusian\andalusian.00077.wav,andalusian,0
MoroccanMusic\andalusian\andalusian.00078.wav,andalusian,0
MoroccanMusic\andalusian\andalusian.00079.wav,andalusian,0
MoroccanMusic\andalusian\andalusian.00080.wav,andalusian,0
MoroccanMusic\andalusian\andalusian.00081.wav,andalusian,0
MoroccanMusic\andalusian\andalusian.00082.wav,andalusian,0
MoroccanMusic\andalusian\andalusian.00083.wav,andalusian,0
MoroccanMusic\andalusian\andalusian.00084.wav,andalusian,0
MoroccanMusic\andalusian\andalusian.00085.wav,andalusian,0
MoroccanMusic\andalusian\andalusian.00086.wav,andalusian,0
MoroccanMusic\andalusian\andalusian.00087.wav,andalusian,0
MoroccanMusic\andalusian\andalusian.00088.wav,andalusian,0
MoroccanMusic\andalusian\andalusian.00089.wav,andalusian,0
MoroccanMusic\andalusian\andalusian.00090.wav,andalusian,0
MoroccanMusic\andalusian\andalusian.00091.wav,andalusian,0
MoroccanMusic\andalusian\andalusian.00092.wav,andalusian,0
MoroccanMusic\andalusian\andalusian.00093.wav,andalusian,0
MoroccanMusic\andalusian\andalusian.00094.wav,andalusian,0
MoroccanMusic\andalusian\andalusian.00095.wav,andalusian,0
MoroccanMusic\andalusian\andalusian.00096.wav,andalusian,0
MoroccanMusic\andalusian\andalusian.00097.wav,andalusian,0
MoroccanMusic\andalusian\andalusian.00098.wav,andalusian,0
MoroccanMusic\andalusian\andalusian.00099.wav,andalusian,0
MoroccanMusic\chaabi\chaabi.00000.wav,chaabi,1
MoroccanMusic\chaabi\chaabi.00001.wav,chaabi,1
MoroccanMusic\chaabi\chaabi.00002.wav,chaabi,1
MoroccanMusic\chaabi\chaabi.00003.wav,chaabi,1
MoroccanMusic\chaabi\chaabi.00004.wav,chaabi,1
MoroccanMusic\chaabi\chaabi.00005.wav,chaabi,1
MoroccanMusic\chaabi\chaabi.00006.wav,chaabi,1
MoroccanMusic\chaabi\chaabi.00007.wav,chaabi,1
MoroccanMusic\chaabi\chaabi.00008.wav,chaabi,1
MoroccanMusic\chaabi\chaabi.00009.wav,chaabi,1
MoroccanMusic\chaabi\chaabi.00010.wav,chaabi,1
MoroccanMusic\chaabi\chaabi.00011.wav,chaabi,1
MoroccanMusic\chaabi\chaabi.00012.wav,chaabi,1
MoroccanMusic\chaabi\chaabi.00013.wav,chaabi,1
MoroccanMusic\chaabi\chaabi.00014.wav,chaabi,1
MoroccanMusic\chaabi\chaabi.00015.wav,chaabi,1
MoroccanMusic\chaabi\chaabi.00016.wav,chaabi,1
MoroccanMusic\chaabi\chaabi.00017.wav,chaabi,1
MoroccanMusic\chaabi\chaabi.00018.wav,chaabi,1
MoroccanMusic\chaabi\chaabi.00019.wav,chaabi,1
MoroccanMusic\chaabi\chaabi.00020.wav,chaabi,1
MoroccanMusic\chaabi\chaabi.00021.wav,chaabi,1
MoroccanMusic\chaabi\chaabi.00022.wav,chaabi,1
MoroccanMusic\chaabi\chaabi.00023.wav,chaabi,1
MoroccanMusic\chaabi\chaabi.00024.wav,chaabi,1
MoroccanMusic\chaabi\chaabi.00025.wav,chaabi,1
MoroccanMusic\chaabi\chaabi.00026.wav,chaabi,1
MoroccanMusic\chaabi\chaabi.00027.wav,chaabi,1
MoroccanMusic\chaabi\chaabi.00028.wav,chaabi,1
MoroccanMusic\chaabi\chaabi.00029.wav,chaabi,1
MoroccanMusic\chaabi\chaabi.00030.wav,chaabi,1
MoroccanMusic\chaabi\chaabi.00031.wav,chaabi,1
MoroccanMusic\chaabi\chaabi.00032.wav,chaabi,1
MoroccanMusic\chaabi\chaabi.00033.wav,chaabi,1
MoroccanMusic\chaabi\chaabi.00034.wav,chaabi,1
MoroccanMusic\chaabi\chaabi.00035.wav,chaabi,1
MoroccanMusic\chaabi\chaabi.00036.wav,chaabi,1
MoroccanMusic\chaabi\chaabi.00037.wav,chaabi,1
MoroccanMusic\chaabi\chaabi.00038.wav,chaabi,1
MoroccanMusic\chaabi\chaabi.00039.wav,chaabi,1
MoroccanMusic\chaabi\chaabi.00040.wav,chaabi,1
MoroccanMusic\chaabi\chaabi.00041.wav,chaabi,1
MoroccanMusic\chaabi\chaabi.00042.wav,chaabi,1
MoroccanMusic\chaabi\chaabi.00043.wav,chaabi,1
MoroccanMusic\chaabi\chaabi.00044.wav,chaabi,1
MoroccanMusic\chaabi\chaabi.00045.wav,chaabi,1
MoroccanMusic\chaabi\chaabi.00046.wav,chaabi,1
MoroccanMusic\chaabi\chaabi.00047.wav,chaabi,1
MoroccanMusic\chaabi\chaabi.00048.wav,chaabi,1
MoroccanMusic\chaabi\chaabi.00049.wav,chaabi,1
MoroccanMusic\chaabi\chaabi.00050.wav,chaabi,1
MoroccanMusic\chaabi\chaabi.00051.wav,chaabi,1
MoroccanMusic\chaabi\chaabi.00052.wav,chaabi,1
MoroccanMusic\chaabi\chaabi.00053.wav,chaabi,1
MoroccanMusic\chaabi\chaabi.00054.wav,chaabi,1
MoroccanMusic\chaabi\chaabi.00055.wav,chaabi,1
MoroccanMusic\chaabi\chaabi.00056.wav,chaabi,1
MoroccanMusic\chaabi\chaabi.00057.wav,chaabi,1
MoroccanMusic\chaabi\chaabi.00058.wav,chaabi,1
MoroccanMusic\chaabi\chaabi.00059.wav,chaabi,1
MoroccanMusic\chaabi\chaabi.00060.wav,chaabi,1
MoroccanMusic\chaabi\chaabi.00061.wav,chaabi,1
MoroccanMusic\chaabi\chaabi.00062.wav,chaabi,1
MoroccanMusic\chaabi\chaabi.00063.wav,chaabi,1
MoroccanMusic\chaabi\chaabi.00064.wav,chaabi,1
MoroccanMusic\chaabi\chaabi.00065.wav,chaabi,1
MoroccanMusic\chaabi\chaabi.00066.wav,chaabi,1
MoroccanMusic\chaabi\chaabi.00067.wav,chaabi,1
MoroccanMusic\chaabi\chaabi.00068.wav,chaabi,1
MoroccanMusic\chaabi\chaabi.00069.wav,chaabi,1
MoroccanMusic\chaabi\chaabi.00070.wav,chaabi,1
MoroccanMusic\chaabi\chaabi.00071.wav,chaabi,1
MoroccanMusic\chaabi\chaabi.00072.wav,chaabi,1
MoroccanMusic\chaabi\chaabi.00073.wav,chaabi,1
MoroccanMusic\chaabi\chaabi.00074.wav,chaabi,1
MoroccanMusic\chaabi\chaabi.00075.wav,chaabi,1
MoroccanMusic\chaabi\chaabi.00076.wav,chaabi,1
MoroccanMusic\chaabi\chaabi.00077.wav,chaabi,1
MoroccanMusic\chaabi\chaabi.00078.wav,chaabi,1
MoroccanMusic\chaabi\chaabi.00079.wav,chaabi,1
MoroccanMusic\chaabi\chaabi.00080.wav,chaabi,1
MoroccanMusic\chaabi\chaabi.00081.wav,chaabi,1
MoroccanMusic\chaabi\chaabi.00082.wav,chaabi,1
MoroccanMusic\chaabi\chaabi.00083.wav,chaabi,1
MoroccanMusic\chaabi\chaabi.00084.wav,chaabi,1
MoroccanMusic\chaabi\chaabi.00085.wav,chaabi,1
MoroccanMusic\chaabi\chaabi.00086.wav,chaabi,1
MoroccanMusic\chaabi\chaabi.00087.wav,chaabi,1
MoroccanMusic\chaabi\chaabi.00088.wav,chaabi,1
MoroccanMusic\chaabi\chaabi.00089.wav,chaabi,1
MoroccanMusic\chaabi\chaabi.00090.wav,chaabi,1
MoroccanMusic\chaabi\chaabi.00091.wav,chaabi,1
MoroccanMusic\chaabi\chaabi.00092.wav,chaabi,1
MoroccanMusic\chaabi\chaabi.00093.wav,chaabi,1
MoroccanMusic\chaabi\chaabi.00094.wav,chaabi,1
MoroccanMusic\chaabi\chaabi.00095.wav,chaabi,1
MoroccanMusic\chaabi\chaabi.00096.wav,chaabi,1
MoroccanMusic\chaabi\chaabi.00097.wav,chaabi,1
MoroccanMusic\chaabi\chaabi.00098.wav,chaabi,1
MoroccanMusic\chaabi\chaabi.00099.wav,chaabi,1
MoroccanMusic\gnawa\gnawa.00000.wav,gnawa,2
MoroccanMusic\gnawa\gnawa.00001.wav,gnawa,2
MoroccanMusic\gnawa\gnawa.00002.wav,gnawa,2
MoroccanMusic\gnawa\gnawa.00003.wav,gnawa,2
MoroccanMusic\gnawa\gnawa.00004.wav,gnawa,2
MoroccanMusic\gnawa\gnawa.00005.wav,gnawa,2
MoroccanMusic\gnawa\gnawa.00006.wav,gnawa,2
MoroccanMusic\gnawa\gnawa.00007.wav,gnawa,2
MoroccanMusic\gnawa\gnawa.00008.wav,gnawa,2
MoroccanMusic\gnawa\gnawa.00009.wav,gnawa,2
MoroccanMusic\gnawa\gnawa.00010.wav,gnawa,2
MoroccanMusic\gnawa\gnawa.00011.wav,gnawa,2
MoroccanMusic\gnawa\gnawa.00012.wav,gnawa,2
MoroccanMusic\gnawa\gnawa.00013.wav,gnawa,2
MoroccanMusic\gnawa\gnawa.00014.wav,gnawa,2
MoroccanMusic\gnawa\gnawa.00015.wav,gnawa,2
MoroccanMusic\gnawa\gnawa.00016.wav,gnawa,2
MoroccanMusic\gnawa\gnawa.00017.wav,gnawa,2
MoroccanMusic\gnawa\gnawa.00018.wav,gnawa,2
MoroccanMusic\gnawa\gnawa.00019.wav,gnawa,2
MoroccanMusic\gnawa\gnawa.00020.wav,gnawa,2
MoroccanMusic\gnawa\gnawa.00021.wav,gnawa,2
MoroccanMusic\gnawa\gnawa.00022.wav,gnawa,2
MoroccanMusic\gnawa\gnawa.00023.wav,gnawa,2
MoroccanMusic\gnawa\gnawa.00024.wav,gnawa,2
MoroccanMusic\gnawa\gnawa.00025.wav,gnawa,2
MoroccanMusic\gnawa\gnawa.00026.wav,gnawa,2
MoroccanMusic\gnawa\gnawa.00027.wav,gnawa,2
MoroccanMusic\gnawa\gnawa.00028.wav,gnawa,2
MoroccanMusic\gnawa\gnawa.00029.wav,gnawa,2
MoroccanMusic\gnawa\gnawa.00030.wav,gnawa,2
MoroccanMusic\gnawa\gnawa.00031.wav,gnawa,2
MoroccanMusic\gnawa\gnawa.00032.wav,gnawa,2
MoroccanMusic\gnawa\gnawa.00033.wav,gnawa,2
MoroccanMusic\gnawa\gnawa.00034.wav,gnawa,2
MoroccanMusic\gnawa\gnawa.00035.wav,gnawa,2
MoroccanMusic\gnawa\gnawa.00036.wav,gnawa,2
MoroccanMusic\gnawa\gnawa.00037.wav,gnawa,2
MoroccanMusic\gnawa\gnawa.00038.wav,gnawa,2
MoroccanMusic\gnawa\gnawa.00039.wav,gnawa,2
MoroccanMusic\gnawa\gnawa.00040.wav,gnawa,2
MoroccanMusic\gnawa\gnawa.00041.wav,gnawa,2
MoroccanMusic\gnawa\gnawa.00042.wav,gnawa,2
MoroccanMusic\gnawa\gnawa.00043.wav,gnawa,2
MoroccanMusic\gnawa\gnawa.00044.wav,gnawa,2
MoroccanMusic\gnawa\gnawa.00045.wav,gnawa,2
MoroccanMusic\gnawa\gnawa.00046.wav,gnawa,2
MoroccanMusic\gnawa\gnawa.00047.wav,gnawa,2
MoroccanMusic\gnawa\gnawa.00048.wav,gnawa,2
MoroccanMusic\gnawa\gnawa.00049.wav,gnawa,2
MoroccanMusic\gnawa\gnawa.00050.wav,gnawa,2
MoroccanMusic\gnawa\gnawa.00051.wav,gnawa,2
MoroccanMusic\gnawa\gnawa.00052.wav,gnawa,2
MoroccanMusic\gnawa\gnawa.00053.wav,gnawa,2
MoroccanMusic\gnawa\gnawa.00054.wav,gnawa,2
MoroccanMusic\gnawa\gnawa.00055.wav,gnawa,2
MoroccanMusic\gnawa\gnawa.00056.wav,gnawa,2
MoroccanMusic\gnawa\gnawa.00057.wav,gnawa,2
MoroccanMusic\gnawa\gnawa.00058.wav,gnawa,2
MoroccanMusic\gnawa\gnawa.00059.wav,gnawa,2
MoroccanMusic\gnawa\gnawa.00060.wav,gnawa,2
MoroccanMusic\gnawa\gnawa.00061.wav,gnawa,2
MoroccanMusic\gnawa\gnawa.00062.wav,gnawa,2
MoroccanMusic\gnawa\gnawa.00063.wav,gnawa,2
MoroccanMusic\gnawa\gnawa.00064.wav,gnawa,2
MoroccanMusic\gnawa\gnawa.00065.wav,gnawa,2
MoroccanMusic\gnawa\gnawa.00066.wav,gnawa,2
MoroccanMusic\gnawa\gnawa.00067.wav,gnawa,2
MoroccanMusic\gnawa\gnawa.00068.wav,gnawa,2
MoroccanMusic\gnawa\gnawa.00069.wav,gnawa,2
MoroccanMusic\gnawa\gnawa.00070.wav,gnawa,2
MoroccanMusic\gnawa\gnawa.00071.wav,gnawa,2
MoroccanMusic\gnawa\gnawa.00072.wav,gnawa,2
MoroccanMusic\gnawa\gnawa.00073.wav,gnawa,2
MoroccanMusic\gnawa\gnawa.00074.wav,gnawa,2
MoroccanMusic\gnawa\gnawa.00075.wav,gnawa,2
MoroccanMusic\gnawa\gnawa.00076.wav,gnawa,2
MoroccanMusic\gnawa\gnawa.00077.wav,gnawa,2
MoroccanMusic\gnawa\gnawa.00078.wav,gnawa,2
MoroccanMusic\gnawa\gnawa.00079.wav,gnawa,2
MoroccanMusic\gnawa\gnawa.00080.wav,gnawa,2
MoroccanMusic\gnawa\gnawa.00081.wav,gnawa,2
MoroccanMusic\gnawa\gnawa.00082.wav,gnawa,2
MoroccanMusic\gnawa\gnawa.00083.wav,gnawa,2
MoroccanMusic\gnawa\gnawa.00084.wav,gnawa,2
MoroccanMusic\gnawa\gnawa.00085.wav,gnawa,2
MoroccanMusic\gnawa\gnawa.00086.wav,gnawa,2
MoroccanMusic\gnawa\gnawa.00087.wav,gnawa,2
MoroccanMusic\gnawa\gnawa.00088.wav,gnawa,2
MoroccanMusic\gnawa\gnawa.00089.wav,gnawa,2
MoroccanMusic\gnawa\gnawa.00090.wav,gnawa,2
MoroccanMusic\gnawa\gnawa.00091.wav,gnawa,2
MoroccanMusic\gnawa\gnawa.00092.wav,gnawa,2
MoroccanMusic\gnawa\gnawa.00093.wav,gnawa,2
MoroccanMusic\gnawa\gnawa.00094.wav,gnawa,2
MoroccanMusic\gnawa\gnawa.00095.wav,gnawa,2
MoroccanMusic\gnawa\gnawa.00096.wav,gnawa,2
MoroccanMusic\gnawa\gnawa.00097.wav,gnawa,2
MoroccanMusic\gnawa\gnawa.00098.wav,gnawa,2
MoroccanMusic\gnawa\gnawa.00099.wav,gnawa,2
MoroccanMusic\imazighn\amazigh.00000.wav,imazighn,3
MoroccanMusic\imazighn\amazigh.00001.wav,imazighn,3
MoroccanMusic\imazighn\amazigh.00002.wav,imazighn,3
MoroccanMusic\imazighn\amazigh.00003.wav,imazighn,3
MoroccanMusic\imazighn\amazigh.00004.wav,imazighn,3
MoroccanMusic\imazighn\amazigh.00005.wav,imazighn,3
MoroccanMusic\imazighn\amazigh.00006.wav,imazighn,3
MoroccanMusic\imazighn\amazigh.00007.wav,imazighn,3
MoroccanMusic\imazighn\amazigh.00008.wav,imazighn,3
MoroccanMusic\imazighn\amazigh.00009.wav,imazighn,3
MoroccanMusic\imazighn\amazigh.00010.wav,imazighn,3
MoroccanMusic\imazighn\amazigh.00011.wav,imazighn,3
MoroccanMusic\imazighn\amazigh.00012.wav,imazighn,3
MoroccanMusic\imazighn\amazigh.00013.wav,imazighn,3
MoroccanMusic\imazighn\amazigh.00014.wav,imazighn,3
MoroccanMusic\imazighn\amazigh.00015.wav,imazighn,3
MoroccanMusic\imazighn\amazigh.00016.wav,imazighn,3
MoroccanMusic\imazighn\amazigh.00017.wav,imazighn,3
MoroccanMusic\imazighn\amazigh.00018.wav,imazighn,3
MoroccanMusic\imazighn\amazigh.00019.wav,imazighn,3
MoroccanMusic\imazighn\amazigh.00020.wav,imazighn,3
MoroccanMusic\imazighn\amazigh.00021.wav,imazighn,3
MoroccanMusic\imazighn\amazigh.00022.wav,imazighn,3
MoroccanMusic\imazighn\amazigh.00023.wav,imazighn,3
MoroccanMusic\imazighn\amazigh.00024.wav,imazighn,3
MoroccanMusic\imazighn\amazigh.00025.wav,imazighn,3
MoroccanMusic\imazighn\amazigh.00026.wav,imazighn,3
MoroccanMusic\imazighn\amazigh.00027.wav,imazighn,3
MoroccanMusic\imazighn\amazigh.00028.wav,imazighn,3
MoroccanMusic\imazighn\amazigh.00029.wav,imazighn,3
MoroccanMusic\imazighn\amazigh.00030.wav,imazighn,3
MoroccanMusic\imazighn\amazigh.00031.wav,imazighn,3
MoroccanMusic\imazighn\amazigh.00032.wav,imazighn,3
MoroccanMusic\imazighn\amazigh.00033.wav,imazighn,3
MoroccanMusic\imazighn\amazigh.00034.wav,imazighn,3
MoroccanMusic\imazighn\amazigh.00035.wav,imazighn,3
MoroccanMusic\imazighn\amazigh.00036.wav,imazighn,3
MoroccanMusic\imazighn\amazigh.00037.wav,imazighn,3
MoroccanMusic\imazighn\amazigh.00038.wav,imazighn,3
MoroccanMusic\imazighn\amazigh.00039.wav,imazighn,3
MoroccanMusic\imazighn\amazigh.00040.wav,imazighn,3
MoroccanMusic\imazighn\amazigh.00041.wav,imazighn,3
MoroccanMusic\imazighn\amazigh.00042.wav,imazighn,3
MoroccanMusic\imazighn\amazigh.00043.wav,imazighn,3
MoroccanMusic\imazighn\amazigh.00044.wav,imazighn,3
MoroccanMusic\imazighn\amazigh.00045.wav,imazighn,3
MoroccanMusic\imazighn\amazigh.00046.wav,imazighn,3
MoroccanMusic\imazighn\amazigh.00047.wav,imazighn,3
MoroccanMusic\imazighn\amazigh.00048.wav,imazighn,3
MoroccanMusic\imazighn\amazigh.00049.wav,imazighn,3
MoroccanMusic\imazighn\amazigh.00050.wav,imazighn,3
MoroccanMusic\imazighn\amazigh.00051.wav,imazighn,3
MoroccanMusic\imazighn\amazigh.00052.wav,imazighn,3
MoroccanMusic\imazighn\amazigh.00053.wav,imazighn,3
MoroccanMusic\imazighn\amazigh.00054.wav,imazighn,3
MoroccanMusic\imazighn\amazigh.00055.wav,imazighn,3
MoroccanMusic\imazighn\amazigh.00056.wav,imazighn,3
MoroccanMusic\imazighn\amazigh.00057.wav,imazighn,3
MoroccanMusic\imazighn\amazigh.00058.wav,imazighn,3
MoroccanMusic\imazighn\amazigh.00059.wav,imazighn,3
MoroccanMusic\imazighn\amazigh.00060.wav,imazighn,3
MoroccanMusic\imazighn\amazigh.00061.wav,imazighn,3
MoroccanMusic\imazighn\amazigh.00062.wav,imazighn,3
MoroccanMusic\imazighn\amazigh.00063.wav,imazighn,3
MoroccanMusic\imazighn\amazigh.00064.wav,imazighn,3
MoroccanMusic\imazighn\amazigh.00065.wav,imazighn,3
MoroccanMusic\imazighn\amazigh.00066.wav,imazighn,3
MoroccanMusic\imazighn\amazigh.00067.wav,imazighn,3
MoroccanMusic\imazighn\amazigh.00068.wav,imazighn,3
MoroccanMusic\imazighn\amazigh.00069.wav,imazighn,3
MoroccanMusic\imazighn\amazigh.00070.wav,imazighn,3
MoroccanMusic\imazighn\amazigh.00071.wav,imazighn,3
MoroccanMusic\imazighn\amazigh.00072.wav,imazighn,3
MoroccanMusic\imazighn\amazigh.00073.wav,imazighn,3
MoroccanMusic\imazighn\amazigh.00074.wav,imazighn,3
MoroccanMusic\imazighn\amazigh.00075.wav,imazighn,3
MoroccanMusic\imazighn\amazigh.00076.wav,imazighn,3
MoroccanMusic\imazighn\amazigh.00077.wav,imazighn,3
MoroccanMusic\imazighn\amazigh.00078.wav,imazighn,3
MoroccanMusic\imazighn\amazigh.00079.wav,imazighn,3
MoroccanMusic\imazighn\amazigh.00080.wav,imazighn,3
MoroccanMusic\imazighn\amazigh.00081.wav,imazighn,3
MoroccanMusic\imazighn\amazigh.00082.wav,imazighn,3
MoroccanMusic\imazighn\amazigh.00083.wav,imazighn,3
MoroccanMusic\imazighn\amazigh.00084.wav,imazighn,3
MoroccanMusic\imazighn\amazigh.00085.wav,imazighn,3
MoroccanMusic\imazighn\amazigh.00086.wav,imazighn,3
MoroccanMusic\imazighn\amazigh.00087.wav,imazighn,3
MoroccanMusic\imazighn\amazigh.00088.wav,imazighn,3
MoroccanMusic\imazighn\amazigh.00089.wav,imazighn,3
MoroccanMusic\imazighn\amazigh.00090.wav,imazighn,3
MoroccanMusic\imazighn\amazigh.00091.wav,imazighn,3
MoroccanMusic\imazighn\amazigh.00092.wav,imazighn,3
MoroccanMusic\imazighn\amazigh.00093.wav,imazighn,3
MoroccanMusic\imazighn\amazigh.00094.wav,imazighn,3
MoroccanMusic\imazighn\amazigh.00095.wav,imazighn,3
MoroccanMusic\imazighn\amazigh.00096.wav,imazighn,3
MoroccanMusic\imazighn\amazigh.00097.wav,imazighn,3
MoroccanMusic\imazighn\amazigh.00098.wav,imazighn,3
MoroccanMusic\imazighn\amazigh.00099.wav,imazighn,3
MoroccanMusic\rai\ra.00000.wav,rai,4
MoroccanMusic\rai\ra.00001.wav,rai,4
MoroccanMusic\rai\ra.00002.wav,rai,4
MoroccanMusic\rai\ra.00003.wav,rai,4
MoroccanMusic\rai\ra.00004.wav,rai,4
MoroccanMusic\rai\ra.00005.wav,rai,4
MoroccanMusic\rai\ra.00006.wav,rai,4
MoroccanMusic\rai\ra.00007.wav,rai,4
MoroccanMusic\rai\ra.00008.wav,rai,4
MoroccanMusic\rai\ra.00009.wav,rai,4
MoroccanMusic\rai\ra.00010.wav,rai,4
MoroccanMusic\rai\ra.00011.wav,rai,4
MoroccanMusic\rai\ra.00012.wav,rai,4
MoroccanMusic\rai\ra.00013.wav,rai,4
MoroccanMusic\rai\ra.00014.wav,rai,4
MoroccanMusic\rai\ra.00015.wav,rai,4
MoroccanMusic\rai\ra.00016.wav,rai,4
MoroccanMusic\rai\ra.00017.wav,rai,4
MoroccanMusic\rai\ra.00018.wav,rai,4
MoroccanMusic\rai\ra.00019.wav,rai,4
MoroccanMusic\rai\ra.00020.wav,rai,4
MoroccanMusic\rai\ra.00021.wav,rai,4
MoroccanMusic\rai\ra.00022.wav,rai,4
MoroccanMusic\rai\ra.00023.wav,rai,4
MoroccanMusic\rai\ra.00024.wav,rai,4
MoroccanMusic\rai\ra.00025.wav,rai,4
MoroccanMusic\rai\ra.00026.wav,rai,4
MoroccanMusic\rai\ra.00027.wav,rai,4
MoroccanMusic\rai\ra.00028.wav,rai,4
MoroccanMusic\rai\ra.00029.wav,rai,4
MoroccanMusic\rai\ra.00030.wav,rai,4
MoroccanMusic\rai\ra.00031.wav,rai,4
MoroccanMusic\rai\ra.00032.wav,rai,4
MoroccanMusic\rai\ra.00033.wav,rai,4
MoroccanMusic\rai\ra.00034.wav,rai,4
MoroccanMusic\rai\ra.00035.wav,rai,4
MoroccanMusic\rai\ra.00036.wav,rai,4
MoroccanMusic\rai\ra.00037.wav,rai,4
MoroccanMusic\rai\ra.00038.wav,rai,4
MoroccanMusic\rai\ra.00039.wav,rai,4
MoroccanMusic\rai\ra.00040.wav,rai,4
MoroccanMusic\rai\ra.00041.wav,rai,4
MoroccanMusic\rai\ra.00042.wav,rai,4
MoroccanMusic\rai\ra.00043.wav,rai,4
MoroccanMusic\rai\ra.00044.wav,rai,4
MoroccanMusic\rai\ra.00045.wav,rai,4
MoroccanMusic\rai\ra.00046.wav,rai,4
MoroccanMusic\rai\ra.00047.wav,rai,4
MoroccanMusic\rai\ra.00048.wav,rai,4
MoroccanMusic\rai\ra.00049.wav,rai,4
MoroccanMusic\rai\ra.00050.wav,rai,4
MoroccanMusic\rai\ra.00051.wav,rai,4
MoroccanMusic\rai\ra.00052.wav,rai,4
MoroccanMusic\rai\ra.00053.wav,rai,4
MoroccanMusic\rai\ra.00054.wav,rai,4
MoroccanMusic\rai\ra.00055.wav,rai,4
MoroccanMusic\rai\ra.00056.wav,rai,4
MoroccanMusic\rai\ra.00057.wav,rai,4
MoroccanMusic\rai\ra.00058.wav,rai,4
MoroccanMusic\rai\ra.00059.wav,rai,4
MoroccanMusic\rai\ra.00060.wav,rai,4
MoroccanMusic\rai\ra.00061.wav,rai,4
MoroccanMusic\rai\ra.00062.wav,rai,4
MoroccanMusic\rai\ra.00063.wav,rai,4
MoroccanMusic\rai\ra.00064.wav,rai,4
MoroccanMusic\rai\ra.00065.wav,rai,4
MoroccanMusic\rai\ra.00066.wav,rai,4
MoroccanMusic\rai\ra.00067.wav,rai,4
MoroccanMusic\rai\ra.00068.wav,rai,4
MoroccanMusic\rai\ra.00069.wav,rai,4
MoroccanMusic\rai\ra.00070.wav,rai,4
MoroccanMusic\rai\ra.00071.wav,rai,4
MoroccanMusic\rai\ra.00072.wav,rai,4
MoroccanMusic\rai\ra.00073.wav,rai,4
MoroccanMusic\rai\ra.00074.wav,rai,4
MoroccanMusic\rai\ra.00075.wav,rai,4
MoroccanMusic\rai\ra.00076.wav,rai,4
MoroccanMusic\rai\ra.00077.wav,rai,4
MoroccanMusic\rai\ra.00078.wav,rai,4
MoroccanMusic\rai\ra.00079.wav,rai,4
MoroccanMusic\rai\ra.00080.wav,rai,4
MoroccanMusic\rai\ra.00081.wav,rai,4
MoroccanMusic\rai\ra.00082.wav,rai,4
MoroccanMusic\rai\ra.00083.wav,rai,4
MoroccanMusic\rai\ra.00084.wav,rai,4
MoroccanMusic\rai\ra.00085.wav,rai,4
MoroccanMusic\rai\ra.00086.wav,rai,4
MoroccanMusic\rai\ra.00087.wav,rai,4
MoroccanMusic\rai\ra.00088.wav,rai,4
MoroccanMusic\rai\ra.00089.wav,rai,4
MoroccanMusic\rai\ra.00090.wav,rai,4
MoroccanMusic\rai\ra.00091.wav,rai,4
MoroccanMusic\rai\ra.00092.wav,rai,4
MoroccanMusic\rai\ra.00093.wav,rai,4
MoroccanMusic\rai\ra.00094.wav,rai,4
MoroccanMusic\rai\ra.00095.wav,rai,4
MoroccanMusic\rai\ra.00096.wav,rai,4
MoroccanMusic\rai\ra.00097.wav,rai,4
MoroccanMusic\rai\ra.00098.wav,rai,4
MoroccanMusic\rai\ra.00099.wav,rai,4
MoroccanMusic\rap\rap.00000.wav,rap,5
MoroccanMusic\rap\rap.00001.wav,rap,5
MoroccanMusic\rap\rap.00002.wav,rap,5
MoroccanMusic\rap\rap.00003.wav,rap,5
MoroccanMusic\rap\rap.00004.wav,rap,5
MoroccanMusic\rap\rap.00005.wav,rap,5
MoroccanMusic\rap\rap.00006.wav,rap,5
MoroccanMusic\rap\rap.00007.wav,rap,5
MoroccanMusic\rap\rap.00008.wav,rap,5
MoroccanMusic\rap\rap.00009.wav,rap,5
MoroccanMusic\rap\rap.00010.wav,rap,5
MoroccanMusic\rap\rap.00011.wav,rap,5
MoroccanMusic\rap\rap.00012.wav,rap,5
MoroccanMusic\rap\rap.00013.wav,rap,5
MoroccanMusic\rap\rap.00014.wav,rap,5
MoroccanMusic\rap\rap.00015.wav,rap,5
MoroccanMusic\rap\rap.00016.wav,rap,5
MoroccanMusic\rap\rap.00017.wav,rap,5
MoroccanMusic\rap\rap.00018.wav,rap,5
MoroccanMusic\rap\rap.00019.wav,rap,5
MoroccanMusic\rap\rap.00020.wav,rap,5
MoroccanMusic\rap\rap.00021.wav,rap,5
MoroccanMusic\rap\rap.00022.wav,rap,5
MoroccanMusic\rap\rap.00023.wav,rap,5
MoroccanMusic\rap\rap.00024.wav,rap,5
MoroccanMusic\rap\rap.00025.wav,rap,5
MoroccanMusic\rap\rap.00026.wav,rap,5
MoroccanMusic\rap\rap.00027.wav,rap,5
MoroccanMusic\rap\rap.00028.wav,rap,5
MoroccanMusic\rap\rap.00029.wav,rap,5
MoroccanMusic\rap\rap.00030.wav,rap,5
MoroccanMusic\rap\rap.00031.wav,rap,5
MoroccanMusic\rap\rap.00032.wav,rap,5
MoroccanMusic\rap\rap.00033.wav,rap,5
MoroccanMusic\rap\rap.00034.wav,rap,5
MoroccanMusic\rap\rap.00035.wav,rap,5
MoroccanMusic\rap\rap.00036.wav,rap,5
MoroccanMusic\rap\rap.00037.wav,rap,5
MoroccanMusic\rap\rap.00038.wav,rap,5
MoroccanMusic\rap\rap.00039.wav,rap,5
MoroccanMusic\rap\rap.00040.wav,rap,5
MoroccanMusic\rap\rap.00041.wav,rap,5
MoroccanMusic\rap\rap.00042.wav,rap,5
MoroccanMusic\rap\rap.00043.wav,rap,5
MoroccanMusic\rap\rap.00044.wav,rap,5
MoroccanMusic\rap\rap.00045.wav,rap,5
MoroccanMusic\rap\rap.00046.wav,rap,5
MoroccanMusic\rap\rap.00047.wav,rap,5
MoroccanMusic\rap\rap.00048.wav,rap,5
MoroccanMusic\rap\rap.00049.wav,rap,5
MoroccanMusic\rap\rap.00050.wav,rap,5
MoroccanMusic\rap\rap.00051.wav,rap,5
MoroccanMusic\rap\rap.00052.wav,rap,5
MoroccanMusic\rap\rap.00053.wav,rap,5
MoroccanMusic\rap\rap.00054.wav,rap,5
MoroccanMusic\rap\rap.00055.wav,rap,5
MoroccanMusic\rap\rap.00056.wav,rap,5
MoroccanMusic\rap\rap.00057.wav,rap,5
MoroccanMusic\rap\rap.00058.wav,rap,5
MoroccanMusic\rap\rap.00059.wav,rap,5
MoroccanMusic\rap\rap.00060.wav,rap,5
MoroccanMusic\rap\rap.00061.wav,rap,5
MoroccanMusic\rap\rap.00062.wav,rap,5
MoroccanMusic\rap\rap.00063.wav,rap,5
MoroccanMusic\rap\rap.00064.wav,rap,5
MoroccanMusic\rap\rap.00065.wav,rap,5
MoroccanMusic\rap\rap.00066.wav,rap,5
MoroccanMusic\rap\rap.00067.wav,rap,5
MoroccanMusic\rap\rap.00068.wav,rap,5
MoroccanMusic\rap\rap.00069.wav,rap,5
MoroccanMusic\rap\rap.00070.wav,rap,5
MoroccanMusic\rap\rap.00071.wav,rap,5
MoroccanMusic\rap\rap.00072.wav,rap,5
MoroccanMusic\rap\rap.00073.wav,rap,5
MoroccanMusic\rap\rap.00074.wav,rap,5
MoroccanMusic\rap\rap.00075.wav,rap,5
MoroccanMusic\rap\rap.00076.wav,rap,5
MoroccanMusic\rap\rap.00077.wav,rap,5
MoroccanMusic\rap\rap.00078.wav,rap,5
MoroccanMusic\rap\rap.00079.wav,rap,5
MoroccanMusic\rap\rap.00080.wav,rap,5
MoroccanMusic\rap\rap.00081.wav,rap,5
MoroccanMusic\rap\rap.00082.wav,rap,5
MoroccanMusic\rap\rap.00083.wav,rap,5
MoroccanMusic\rap\rap.00084.wav,rap,5
MoroccanMusic\rap\rap.00085.wav,rap,5
MoroccanMusic\rap\rap.00086.wav,rap,5
MoroccanMusic\rap\rap.00087.wav,rap,5
MoroccanMusic\rap\rap.00088.wav,rap,5
MoroccanMusic\rap\rap.00089.wav,rap,5
MoroccanMusic\rap\rap.00090.wav,rap,5
MoroccanMusic\rap\rap.00091.wav,rap,5
MoroccanMusic\rap\rap.00092.wav,rap,5
MoroccanMusic\rap\rap.00093.wav,rap,5
MoroccanMusic\rap\rap.00094.wav,rap,5
MoroccanMusic\rap\rap.00095.wav,rap,5
MoroccanMusic\rap\rap.00096.wav,rap,5
MoroccanMusic\rap\rap.00097.wav,rap,5
MoroccanMusic\rap\rap.00098.wav,rap,5
MoroccanMusic\rap\rap.00099.wav,rap,5
